,predicitions,suburbs,housing: type
46,0.26534207296001916,CBD-St Kilda Rd,flat
233,0.218558386951728,Southbank,flat
53,0.21672264872634242,Carlton-Parkville,flat
189,0.2036557377944163,North Melbourne-West Melbourne,flat
59,0.187918432400584,Caulfield,flat
83,0.18577122851104347,Docklands,flat
229,0.1626793455404786,South Melbourne,flat
213,0.14634270522416096,Richmond-Burnley,flat
118,0.1457703117774162,Footscray,flat
231,0.14255296914577442,South Yarra,flat
